<!-- rect name="horizontal_scroll" -->
	<id> &generic; </id>		<!-- MUST change -->
	<locus> &true; </locus>
	<depth> 1 </depth>
	<height>				<!-- as tall as it's widest child tile -->
		<copy src="child(horizontal_scroll_left)" trait="height"/>
		<max src="child(horizontal_scroll_right)" trait="height"/>
		<max src="child(horizontal_scroll_marker)" trait="height"/>
	</height>
	<width> 300 </width>		<!-- default, may change -- marks the distance between the two arrows, not including them -->
	<x> 0 </x>					<!-- default, may change -- marks the position of the right edge of the left arrow -->
	<y> 0 </y>					<!-- default, may change -->
	<user1> 0 </user1>			<!-- minimum range value -->
	<user2> 100 </user2>		<!-- maximum range value -->
	<user3> 1 </user3>			<!-- step distance -->
	<user4> 10 </user4>			<!-- jump distance -->
	<user5> 0 </user5>			<!-- starting value -->
	<user6> -1 </user6>			<!-- marker's id -- must change to enable dragging -->
	<user7> <copy src="child(horizontal_scroll_marker)" trait="_value_scrolled_to"/> </user7>
	<user8> &true; </user8>		<!-- is text value field visible -->
	<_scrollable_range>
		<copy src="me()" trait="user2"/>
		<sub src="me()" trait="user1"/>
	</_scrollable_range>
	<_mouseover_any>
		<copy src="child(horizontal_scroll_leftside)" trait="mouseover"/>
		<add src="child(horizontal_scroll_rightside)" trait="mouseover"/>
		<add src="child(horizontal_scroll_left)" trait="mouseover"/>
		<add src="child(horizontal_scroll_right)" trait="mouseover"/>
		<add src="child(horizontal_scroll_marker)" trait="mouseover"/>
		<gt> 0 </gt>
		<sub> 1 </sub>
	</_mouseover_any>
	
	
	<text name="quantity_display_text">
		<visible> <copy src="parent()" trait="user8"/> </visible>
		<depth> 1 </depth>
		<string> <copy src="sibling(horizontal_scroll_marker)" trait="_value_scrolled_to"/> </string>
		<justify> &right; </justify>
		<red> 120 </red>
		<green> 34 </green>
		<blue> 0 </blue>
		<alpha> 200 </alpha>
		<x> -48 </x>
		<y>
			<copy src="parent()" trait="height"/>
			<sub src="me()" trait="height"/>
			<div> 2 </div>
			<add> 3 </add>
		</y>
	</text>
	

	<image name="horizontal_scroll_leftside">
		<id> &generic; </id>
		<target> &true; </target>
		<filename> Menus\Shared\general_scrollbar_hor.dds </filename>
		<depth> 3 </depth>
		<height> 20 </height>
		<width> <!-- make it long enough to stretch from the left arrow to the marker -->
			<copy src="sibling(horizontal_scroll_marker)" trait="x"/>
		</width>
		<x> 0 </x>
		<y>
			<copy src="parent()" trait="height"/>
			<sub src="me()" trait="height"/>
			<div> 2 </div>
			<add> 1 </add>
		</y>
		<clicksound>3</clicksound>
	</image>
	<image name="horizontal_scroll_rightside">
		<id> &generic; </id>
		<target> &true; </target>
		<filename> Menus\Shared\general_scrollbar_hor.dds </filename>
		<depth> 2 </depth>
		<height> 20 </height>
		<width>
			<copy src="parent()" trait="width"/>
			<sub src="sibling(horizontal_scroll_leftside)" trait="width"/>
			<sub src="sibling(horizontal_scroll_marker)" trait="width"/>
		</width>
		<x>
			<copy src="sibling(horizontal_scroll_leftside)" trait="width"/>
			<add src="sibling(horizontal_scroll_marker)" trait="width"/>
		</x>
		<y>
			<copy src="parent()" trait="height"/>
			<sub src="me()" trait="height"/>
			<div> 2 </div>
			<add> 1 </add>
		</y>
		<clicksound>3</clicksound>
	</image>
	<image name="horizontal_scroll_left">
		<id> &generic; </id>
		<target> &true; </target>
		<filename> Menus\Shared\general_scrollbar_hor_left.dds </filename>
		<depth> 4 </depth>
		<width> 32 </width>
		<height> 20 </height>
		<x> <!-- move off the left edge of parent -->
			<copy> 0 </copy>
			<sub src="me()" trait="width"/>
		</x>
		<y> <!-- center me in my parent -->
			<copy src="parent()" trait="height"/>
			<sub src="me()" trait="height"/>
			<div> 2 </div>
		</y>
		<clicksound>3</clicksound>
		<xdefault> -1 </xdefault>
	</image>
	<image name="horizontal_scroll_right">
		<id> &generic; </id>
		<target> &true; </target>
		<filename> Menus\Shared\general_scrollbar_hor_right.dds </filename>
		<depth> 4 </depth>
		<width> 32 </width>
		<height> 20 </height>
		<x>
			<copy src="parent()" trait="width"/>
		</x>
		<y>
			<copy src="sibling(horizontal_scroll_left)" trait="y"/>
			<add> 1 </add>
		</y>
		<clicksound>3</clicksound>
		<xdefault> -1 </xdefault>
	</image>
	<image name="horizontal_scroll_marker">
		<id> <copy src="parent()" trait="user6"/> </id>
		<target> &true; </target>
		<filename> Menus\Shared\general_scrollbar_hor_marker.dds </filename>
		<depth> 6 </depth>
		<width> 42 </width>
		<height> 16 </height>
		<x> <!-- set my position relative to the current scroll -->
			<copy src="parent()" trait="width"/>
			<sub src="me()" trait="width"/>
			<mul>
				<copy src="me()" trait="_value_scrolled_to"/>
				<sub src="parent()" trait="user1"/>
				<div src="parent()" trait="_scrollable_range"/>
			</mul>
		</x>
		<y>	<!-- center me in my parent -->
			<copy src="parent()" trait="height"/>
			<sub src="me()" trait="height"/>
			<div> 2 </div>
			<add> 2 </add>
		</y>
		<_value_scrolled_to>
			<!-- copy old value -->
			<sub>
				<copy src="sibling(horizontal_scroll_left)" trait="clicked"/>
				<mul src="parent()" trait="user3"/>
			</sub>
			<add>
				<copy src="sibling(horizontal_scroll_right)" trait="clicked"/>
				<mul src="parent()" trait="user3"/>
			</add>
			<add>
				<copy src="sibling(horizontal_scroll_rightside)" trait="clicked"/>
				<sub src="sibling(horizontal_scroll_leftside)" trait="clicked"/>
				<mul src="parent()" trait="user4"/>	<!-- jump distance -->
			</add>
			<add src="me()" trait="user9"/>
			<add src="parent()" trait="user5"/>
			<max src="parent()" trait="user1"/>
			<min src="parent()" trait="user2"/>
		</_value_scrolled_to>
		<user8>	<!-- for dragging - drag interval -->
			<copy src="parent()" trait="width"/>
			<sub>
				<copy src="me()" trait="width"/>
			</sub>
			<div src="parent()" trait="_scrollable_range"/>
		</user8>
		<user9> 0 </user9>	<!-- for dragging - lines dragged -->
		<clicksound>3</clicksound>
	</image>
<!-- /rect -->