<!-- image name="Button" -->

	<filename> Menus\buttons\button_over.dds </filename>
	<width> 203 </width>
	<height> 52 </height>

	<text name="button_text">
		<string> <copy src="parent" trait="string" /> </string>
		<justify> &center; </justify>
		<width> <copy src="parent" trait="width" /> </width>
		<x>
			<copy src="parent" trait="width" />
			<div> 2 </div>
			<add src="parent" trait="x" />
		</x>
		<y>
			<copy src="parent" trait="y" />
			<add> 2 </add>
		</y>
		<red>   178 </red>
		<green> 81 </green>
		<blue>  0 </blue>
	</text>

<!-- /image -->
